EVK/EUR,Evonik_EQUITY_DE
MPW/USD,Medical Properties_EQUITY_US
GBP/CAD,GBP/CAD_CURRENCY_
UPS/USD,United Parcel_EQUITY_US
IPOUS/USD,Renaissance IPO ETF_EQUITY_US
APH/USD,Amphenol_EQUITY_US
EPD/USD,Enterprise Products_EQUITY_US
APD/USD,Air Products_EQUITY_US
IPG/USD,Interpublic_EQUITY_US
APA/USD,Apache_EQUITY_US
EVT/EUR,Evotec_EQUITY_DE
MPC/USD,Marathon Petroleum_EQUITY_US
EQT/USD,EQT_EQUITY_US
IQV/USD,Iqvia_EQUITY_US
QQQ/USD,Invesco QQQ Trust_EQUITY_US
EQR/USD,Equity Residential_EQUITY_US
CCOCA/CAD,Cameco_EQUITY_CA
ETH/EUR,Ethereum / EUR_CRYPTOCURRENCY_
ATOP/EUR,Atos_EQUITY_FR
ETL/EUR,Eutelsat_EQUITY_FR
ATL/EUR,Atlantia_EQUITY_IT
ATA/EUR,ATARI_EQUITY_FR
IRM/USD,Iron Mountain_EQUITY_US
MRO/USD,Marathon Oil_EQUITY_US
URI/USD,United Rentals_EQUITY_US
MRK/USD,Merck - USD_EQUITY_US
BTC/RUB,Bitcoin / RUB_CRYPTOCURRENCY_
ARE/USD,Alexandria RE Equities_EQUITY_US
YRD/USD,Yirendai_EQUITY_US
URA/USD,Global X Uranium ETF_EQUITY_US
ESS/USD,Essex Property_EQUITY_US
EUR/AUD,EUR/AUD_CURRENCY_
QSR/USD,Restaurant Brands_EQUITY_US
MSM/USD,MSC Industrial Direct_EQUITY_US
MSI/USD,Motorola_EQUITY_US
ASH/USD,Ashland_EQUITY_US
USB/USD,US Bancorp_EQUITY_US
GBP/SEK,GBP/SEK_CURRENCY_
ARL/EUR,Aareal Bank_EQUITY_DE
ITW/USD,Illinois Tool Works_EQUITY_US
ERFP/EUR,Eurofins_EQUITY_FR
ERG/EUR,ERG_EQUITY_IT
ETR/USD,Entergy_EQUITY_US
Eaton/USD,Eaton_EQUITY_US
MTN/USD,Vail Resorts_EQUITY_US
ETH/USD,Ethereum / USD_CRYPTOCURRENCY_
MTD/USD,Mettler-Toledo_EQUITY_US
MTB/USD,M&T Bank_EQUITY_US
5711/JPY,Mitsubishi Materials Corporation_EQUITY_JP
AUY/USD,Yamana Gold Inc. Ordinary Share_EQUITY_US
EUR/USD,EUR/USD_CURRENCY_
MUR/USD,Murphy_EQUITY_US
YUM/USD,Yum_EQUITY_US
CHF/CNH,CHF/CNH_CURRENCY_
ASR/EUR,A.S. Roma_EQUITY_IT
CAD/SGD,CAD/SGD_CURRENCY_
AUD/USD,AUD/USD_CURRENCY_
ISP/EUR,Intesa Sanpaolo_EQUITY_IT
AVY/USD,Avery Dennison_EQUITY_US
IPN/EUR,Ipsen_EQUITY_FR
IVZ/USD,Invesco_EQUITY_US
AVT/USD,Avnet_EQUITY_US
IVV/USD,iShares Core S&P 500 ETF_EQUITY_US
GBP/SGD,GBP/SGD_CURRENCY_
EVR/USD,Evercore_EQUITY_US
AVB/USD,AvalonBay_EQUITY_US
EWT/USD,iShares MSCI Taiwan ETF_EQUITY_US
EWM/USD,iShares MSCI Malaysia ETF_EQUITY_US
IWM/USD,iShares Russell 2000 ETF_EQUITY_US
CAD/SEK,CAD/SEK_CURRENCY_
AWK/USD,American Water_EQUITY_US
EWD/USD,iShares MSCI Sweden ETF_EQUITY_US
9301/JPY,Mitsubishi Logistics Corporation_EQUITY_JP
8306/JPY,"Mitsubishi UFJ Financial Group, Inc._EQUITY_JP"
6305/JPY,"Hitachi Construction Machinery Co., Ltd._EQUITY_JP"
6701/JPY,NEC Corporation_EQUITY_JP
6702/JPY,Fujitsu Limited_EQUITY_JP
EXP/USD,Eagle Materials_EQUITY_US
AXP/USD,American Express_EQUITY_US
KIE/GBP,Kier Group_EQUITY_GB
AXS/USD,Axis Capital_EQUITY_US
EXR/USD,Extra Space Storage_EQUITY_US
USD/MXN,USD/MXN_CURRENCY_
EXC/USD,Exelon_EQUITY_US
7751/JPY,Canon Inc._EQUITY_JP
6758/JPY,Sony Corporation_EQUITY_JP
6753/JPY,Sharp Corporation_EQUITY_JP
6752/JPY,Panasonic Corporation_EQUITY_JP
NZD/JPY,NZD/JPY_CURRENCY_
AYX/USD,Alteryx_EQUITY_US
IYT/USD,iShares Transportation Average ETF_EQUITY_US
IYW/USD,iShares U.S. Technology ETF_EQUITY_US
GBP/CHF,GBP/CHF_CURRENCY_
AYI/USD,Acuity Brands_EQUITY_US
IYH/USD,iShares U.S. Healthcare ETF_EQUITY_US
6762/JPY,TDK Corporation_EQUITY_JP
EZU/USD,iShares MSCI Eurozone ETF_EQUITY_US
AZO/USD,AutoZone_EQUITY_US
AZN/USD,AstraZeneca - USD_EQUITY_US
CAD/CHF,CAD/CHF_CURRENCY_
EZA/USD,iShares MSCI South Africa ETF_EQUITY_US
7731/JPY,Nikon Corporation_EQUITY_JP
7733/JPY,Olympus Corporation_EQUITY_JP
US30/USD,Dow Jones 30_INDEX_US
AZM/EUR,Azimut_EQUITY_IT
CAD/CNH,CAD/CNH_CURRENCY_
CHF/SGD,CHF/SGD_CURRENCY_
NZD/RUB,NZD/RUB_CURRENCY_
EUR/MXN,EUR/MXN_CURRENCY_
EXO/EUR,Exor_EQUITY_IT
AUD/MXN,AUD/MXN_CURRENCY_
CHF/SEK,CHF/SEK_CURRENCY_
BTC/BYN,Bitcoin / BYN_CRYPTOCURRENCY_
GBP/CNH,GBP/CNH_CURRENCY_
CNAL/GBP,Centrica_EQUITY_GB
CMCA/CAD,CIBC_EQUITY_CA
IFX/EUR,Infineon_EQUITY_DE
EAT/USD,Brinker_EQUITY_US
MAT/USD,Mattel_EQUITY_US
AAP/USD,Advance Auto_EQUITY_US
MAS/USD,Masco_EQUITY_US
MAR/USD,Marriott_EQUITY_US
UAL/USD,United_EQUITY_US
AAL/USD,American Airlines Group_EQUITY_US
MAN/USD,ManpowerGroup_EQUITY_US
CHF/CZK,CHF/CZK_CURRENCY_
MAG/USD,MAG Silver Corp._EQUITY_US
MAA/USD,Mid-America Apartment_EQUITY_US
UAA/USD,Under Armour_EQUITY_US
MAC/USD,Macerich_EQUITY_US
IAC/USD,IAC Interactive_EQUITY_US
ABT/USD,Abbott_EQUITY_US
EDF/EUR,Edf_EQUITY_FR
EBS/USD,Emergent BioSolutions_EQUITY_US
IBM/USD,IBM_EQUITY_US
ZAR/JPY,ZAR/JPY_CURRENCY_
ADS.DE/EUR,Adidas_EQUITY_DE
CPGCA/CAD,Crescent Point_EQUITY_CA
ABC/USD,Amerisource_EQUITY_US
ECL/USD,Ecolab_EQUITY_US
MCO/USD,Moody's_EQUITY_US
Accenture/USD,Accenture_EQUITY_US
MCK/USD,McKesson_EQUITY_US
ICE/USD,ICE_EQUITY_US
MCD/USD,McDonald's_EQUITY_US
New Oriental Education & Technology Group Inc/USD,New Oriental Edu&Tech_EQUITY_US
MDT/USD,Medtronic_EQUITY_US
ADP/USD,Automatic Data_EQUITY_US
UDR/USD,United Dominion_EQUITY_US
IBE/EUR,Iberdrola_EQUITY_ES
ADM/USD,Archer-Daniels_EQUITY_US
BCH/BTC,Bitcoin Cash / Bitcoin_CRYPTOCURRENCY_
ADI/USD,Analog Devices_EQUITY_US
MET/USD,Metlife_EQUITY_US
ACAP/EUR,Credit Agricole_EQUITY_FR
UCG/EUR,Unicredit_EQUITY_IT
AEP/USD,American Electric_EQUITY_US
AES/USD,AES_EQUITY_US
AER/USD,Aercap_EQUITY_US
EEM/USD,iShares MSCI Emerging Markets ETF_EQUITY_US
AEM/USD,Agnico Eagle_EQUITY_US
AEO/USD,American Eagle Outfitters_EQUITY_US
AEE/USD,Ameren_EQUITY_US
ACS/EUR,ACS_EQUITY_ES
EFX/USD,Equifax_EQUITY_US
AFL/USD,Aflac_EQUITY_US
YFI/USD,YFI/USD_CRYPTOCURRENCY_
BAL/BTC,BAL/BTC_CRYPTOCURRENCY_
IFF/USD,Intl Flavors & Fragrances_EQUITY_US
EFA/USD,iShares MSCI EAFE ETF_EQUITY_US
MFC/USD,Manulife_EQUITY_US
MGM/USD,MGM_EQUITY_US
MGA/USD,Magna_EQUITY_US
SUCA/CAD,Suncor_EQUITY_CA
UNI/EUR,Unipo_EQUITY_IT
ENI/EUR,Eni_EQUITY_IT
ANA/EUR,Acciona_EQUITY_ES
UHS/USD,Ursal Health_EQUITY_US
MHK/USD,Mohawk_EQUITY_US
EIX/USD,Edison_EQUITY_US
AIV/USD,AIMCO_EQUITY_US
AIP/USD,"Arteris, Inc._EQUITY_US"
NOK/RUB,NOK/RUB_CURRENCY_
AOX/EUR,Alstria Office Reit_EQUITY_DE
MOR/EUR,Morphosys_EQUITY_DE
AIG/USD,AIG_EQUITY_US
MIC/USD,Macquarie_EQUITY_US
HKD/TRY,HKD/TRY_CURRENCY_
ALO/EUR,Alstom_EQUITY_FR
ALM/EUR,Almirall_EQUITY_ES
EUR/ILS,EUR/ILS_CURRENCY_
AJG/USD,Arthur J Gallagher_EQUITY_US
ALVD/EUR,Allianz_EQUITY_DE
GBP/CZK,GBP/CZK_CURRENCY_
MMB/EUR,Lagardere_EQUITY_FR
MKR/USD,MKR/USD_CRYPTOCURRENCY_
MKC/USD,McCormick & Co_EQUITY_US
NOK/JPY,NOK/JPY_CURRENCY_
USD/ILS,USD/ILS_CURRENCY_
MLM/USD,Martin Marietta_EQUITY_US
ALL/USD,Allstate_EQUITY_US
ALK/USD,Alaska Air_EQUITY_US
ALB/USD,Albemarle_EQUITY_US
AMX/USD,"América Móvil, S.A.B. de C.V._EQUITY_US"
AMT/USD,American Tower_EQUITY_US
MMP/USD,MMP_EQUITY_US
AMP/USD,Ameriprise Financial_EQUITY_US
EMR/USD,Emerson Electric_EQUITY_US
PLN/TRY,PLN/TRY_CURRENCY_
AKE/EUR,Arkema_EQUITY_FR
MMM/USD,3M_EQUITY_US
YMM/USD,Full Truck Alliance Co. Ltd._EQUITY_US
EMN/USD,Eastman Chemical_EQUITY_US
AMH/USD,American Homes 4 Rent_EQUITY_US
AME/USD,AMTEK_EQUITY_US
AMD/USD,AMD_EQUITY_US
AMG/USD,Affiliated Managers_EQUITY_US
UMA/USD,UMA/USD_CRYPTOCURRENCY_
MMC/USD,Marsh_EQUITY_US
AMC/USD,AMC_EQUITY_US
ANT/USD,ANT/USD_CRYPTOCURRENCY_
UNP/USD,Union Pacific_EQUITY_US
UNM/USD,Unum_EQUITY_US
INO/USD,Inovio Pharmaceuticals_EQUITY_US
UNH/USD,Unitedhealth_EQUITY_US
MNK/USD,Mallinckrodt_EQUITY_US
ENJ/USD,ENJ/USD_CRYPTOCURRENCY_
ANF/USD,Abercrombie_EQUITY_US
ENB/USD,Enbridge_EQUITY_US
QIA/EUR,Qiagen_EQUITY_DE
MOS/USD,Mosaic_EQUITY_US
AOS/USD,Smith AO_EQUITY_US
AON/USD,Aon_EQUITY_US
MOH/USD,Molina Healthcare_EQUITY_US
AIRFR/EUR,Airbus_EQUITY_FR
EOG/USD,EOG_EQUITY_US
ISRG/USD,Intuitive_EQUITY_US
ROST/USD,Ross_EQUITY_US
POST/USD,Post Holdings_EQUITY_US
AGRO/USD,ROS AGRO_EQUITY_GB
TWST/USD,Twist Bioscience Corporation_EQUITY_US
ROSN/USD,Rosneft_EQUITY_GB
MKSI/USD,MKS Instruments_EQUITY_US
A2A/EUR,A2A_EQUITY_IT
EOS/USD,Eaton Vance Enhanced Equity Income Fund II_EQUITY_US
COST/USD,Costco_EQUITY_US
VOW3/EUR,Volkswagen_EQUITY_DE
ICPT/USD,Intercept_EQUITY_US
KOPN/USD,Kopin Corporation_EQUITY_US
TKWY/EUR,Takeaway.com_EQUITY_NL
ESPO/USD,VanEck Vectors Video Gaming & eSports ETF_EQUITY_US
HCP/USD,HashiCorp_EQUITY_US
LGVN/USD,Longeveron Inc_EQUITY_US
NOV/USD,National Oilwell_EQUITY_US
AMGO/GBP,Amigo_EQUITY_GB
WEEDCA/CAD,Canopy Growth_EQUITY_CA
LOWC/USD,SPDR MSCI ACWI Low Carbon Target ETF_EQUITY_US
ACWI/USD,iShares MSCI ACWI ETF_EQUITY_US
VOPA/EUR,Koninklijke Vopak_EQUITY_NL
OKTA/USD,Okta_EQUITY_US
OSTK/USD,Overstock_EQUITY_US
MKTX/USD,MarketAxesss_EQUITY_US
NKTR/USD,Nektar_EQUITY_US
NCTY/USD,The9 Limited_EQUITY_US
ESTC/USD,Elastic N.V._EQUITY_US
ALRSRU/RUB,ALROSA_EQUITY_RU
BOTZ/USD,Global X Robotics & Artificial Intelligence ETF_EQUITY_US
CSTL/USD,Castle Biosciences Inc._EQUITY_US
MTSSRU/RUB,MTS_EQUITY_RU
COUR/USD,"Coursera, Inc._EQUITY_US"
BOSN/EUR,Royal Boskalis Westminster_EQUITY_NL
BOSS/EUR,Hugo Boss_EQUITY_DE
PSTG/USD,Pure Storage_EQUITY_US
TWTR/USD,Twitter_EQUITY_US
OGZD/USD,Gazprom_EQUITY_GB
FOXA/USD,Fox - Class A_EQUITY_US
VOYA/USD,Voya Financial_EQUITY_US
ASXC/USD,"Asensus Surgical, Inc._EQUITY_US"
BTC/USDT,Bitcoin / Tether_CRYPTOCURRENCY_
CINE/GBP,Cineworld Group_EQUITY_GB
ECFZ21/EUR,Carbon Emissions Futures Dec 21_COMMODITY_US
AKZO/EUR,Akzo Nobel_EQUITY_NL
JOBS/USD,51job_EQUITY_US
JOBY/USD,Joby Aviation Inc._EQUITY_US
HSBC/USD,HSBC - USD_EQUITY_US
TSCO/USD,Tractor Supply_EQUITY_US
SCCO/USD,Southern Copper_EQUITY_US
MSCI/USD,MSCI_EQUITY_US
NOEJ/EUR,Norma Group_EQUITY_DE
ROBT/USD,First Trust Nasdaq Artificial Intelligence & Robotics ETF_EQUITY_US
BARC/GBP,Barclays_EQUITY_GB
GOCO/USD,"GoHealth, Inc._EQUITY_US"
US COTTON/USD,Cotton_COMMODITY_US
DARK/GBP,Darktrace plc_EQUITY_GB
FERG/GBP,Ferguson plc_EQUITY_GB
DOCU/USD,DocuSign_EQUITY_US
ROBO/USD,Robo Global Robotics & Automation Index ETF_EQUITY_US
DOCS/USD,Doximity Inc._EQUITY_US
CSCO/USD,Cisco_EQUITY_US
PCAR/USD,PACCAR_EQUITY_US
NOAH/USD,Noah_EQUITY_US
ALUMINUM/USD,Aluminum Spot_COMMODITY_US
DWAC/USD,Digital World Acquisition Corp._EQUITY_US
AKAM/USD,Akamai_EQUITY_US
ASAN/USD,"Asana, Inc._EQUITY_US"
OCFT/USD,OneConnect_EQUITY_US
MSFT/USD,Microsoft_EQUITY_US
ICAG/EUR,IAG - EUR_EQUITY_ES
ICAD/EUR,Icade Reit_EQUITY_FR
CSGP/USD,CoStar_EQUITY_US
DOGE/USD,DOGE/USD_CRYPTOCURRENCY_
USFD/USD,US Foods_EQUITY_US
EOAN/EUR,E.ON_EQUITY_DE
SOFI/USD,SoFi Technologies Inc._EQUITY_US
PSFE/USD,Paysafe Limited_EQUITY_US
OCDX/USD,Ortho Clinical Diagnostics Holdings plc_EQUITY_US
DWDP/USD,DuPont_EQUITY_US
SGEN/USD,Seattle_EQUITY_US
OCEAN/USD,OCEAN/USD_CRYPTOCURRENCY_
INDIA50/USD,INDIA 50_INDEX_US
FCEL/USD,"FuelCell Energy, Inc._EQUITY_US"
USDC/USD,USDC/USD_CRYPTOCURRENCY_
TCDA/USD,Tricida_EQUITY_US
VTBRRU/RUB,VTB_EQUITY_RU
GOEV/USD,Canoo Inc._EQUITY_US
USDT/USD,USDT/USD_CRYPTOCURRENCY_
CGEN/USD,Compugen Ltd._EQUITY_US
TOM2/EUR,TomTom_EQUITY_NL
ROKU/USD,Roku_EQUITY_US
SWKS/USD,Skyworks_EQUITY_US
1COV/EUR,Covestro_EQUITY_DE
WIZZ/GBP,Wizz Air_EQUITY_GB
CZ21/GBP,Cocoa No 7 Futures Dec 21_COMMODITY_US
BKKT/USD,Bakkt Holdings Inc._EQUITY_US
ASMI/EUR,ASM International NV_EQUITY_NL
COFFEE ARABICA/USD,Coffee US_COMMODITY_US
NOK/USD,Nokia - USD_EQUITY_US
CHMFRU/RUB,Severstal_EQUITY_RU
DSMN/EUR,Koninklijke DSM_EQUITY_NL
MCHI/USD,iShares MSCI China ETF_EQUITY_US
MCHP/USD,Microchip Tech_EQUITY_US
COHR/USD,Coherent_EQUITY_US
COPPER/USD,Copper_COMMODITY_US
PHORRU/RUB,PhosAgro_EQUITY_RU
DWNI/EUR,Deutsche Wohnen_EQUITY_DE
LCID/USD,"Lucid Group, Inc._EQUITY_US"
HSIC/USD,Henry Schein_EQUITY_US
SOHU/USD,Sohu.com Limited_EQUITY_US
SCHW/USD,Charles Schwab_EQUITY_US
ECIX/USD,Electric Cars Index_EQUITY_US
WKHS/USD,Workhorse Group Inc._EQUITY_US
SCHE/USD,Schwab Emerging Markets Equity ETF_EQUITY_US
COIN/USD,Coinbase_EQUITY_US
CGNX/USD,Cognex_EQUITY_US
BCH/USDT,BCH/USDT_CRYPTOCURRENCY_
DKNG/USD,DraftKings Inc._EQUITY_US
NICKEL/USD,Nickel Spot_COMMODITY_GB
BKNG/USD,Booking_EQUITY_US
CONE/USD,CyrusOne_EQUITY_US
QCOM/USD,Qualcomm_EQUITY_US
FR40/EUR,CAC 40_INDEX_FR
LKOD/USD,Lukoil_EQUITY_GB
HOOD/USD,Robinhood Markets_EQUITY_US
PGNY/USD,Progyny Inc._EQUITY_US
GOOGL/USD,GOOGL_EQUITY_US
TGNA/USD,Tegna_EQUITY_US
SSNC/USD,SS&C Tech_EQUITY_US
NKLA/USD,Nikola Corporation_EQUITY_US
HOLX/USD,Hologic_EQUITY_US
NCLH/USD,Norwegian Cruise Lines_EQUITY_US
HOLI/USD,Hollysys Automation Technologies_EQUITY_US
ICLN/USD,iShares Global Clean Energy ETF_EQUITY_US
BAL/USDT,BAL/USDT_CRYPTOCURRENCY_
TWKNC/EUR,TKH Group_EQUITY_NL
FSLR/USD,First Solar_EQUITY_US
FSLY/USD,"Fastly, Inc._EQUITY_US"
RTKMRU/RUB,Rostelecom_EQUITY_RU
MOMO/USD,Momo_EQUITY_US
YOLO/USD,AdvisorShares Pure Cannabis ETF_EQUITY_US
COMP/USD,Compound / USD_CRYPTOCURRENCY_
DOMO/USD,Domo Inc._EQUITY_US
TWLO/USD,Twilio_EQUITY_US
SKLZ/USD,Skillz Inc._EQUITY_US
ACMR/USD,ACM Research Inc._EQUITY_US
TSLA/USD,Tesla_EQUITY_US
ASML/USD,ASML_EQUITY_US
QCLN/USD,First Trust NASDAQ Clean Edge Green Energy Index Fund_EQUITY_US
COMM/USD,CommScope_EQUITY_US
TPX/USD,Tempur Sealy_EQUITY_US
DPZ/USD,Domino's Pizza_EQUITY_US
UN01/EUR,Uniper_EQUITY_DE
PLATINUM/USD,Platinum_COMMODITY_
HPQ/USD,HP_EQUITY_US
TPR/USD,Coach_EQUITY_US
PPL/USD,PPL_EQUITY_US
XPO/USD,XPO Logistics_EQUITY_US
HPE/USD,Hewlett Packard_EQUITY_US
PALLADIUM/USD,Palladium_COMMODITY_
TPG/USD,TPG Inc._EQUITY_US
PPG/USD,PPG_EQUITY_US
GBP/ZAR,GBP/ZAR_CURRENCY_
RY/USD,Royal Bank Of Canada_EQUITY_US
RS/USD,Reliance steel_EQUITY_US
RL/USD,Polo_EQUITY_US
RH/USD,Restoration Hardware_EQUITY_US
RF/USD,Regions Financial_EQUITY_US
RE/USD,Everest_EQUITY_US
BCECA/CAD,BCE_EQUITY_CA
SU/USD,Suncor Energy_EQUITY_US
ST/USD,Sensata Technologies_EQUITY_US
SQ/USD,"Block, Inc_EQUITY_US"
SO/USD,Southern_EQUITY_US
SM/USD,SM Energy_EQUITY_US
SI/USD,Silvergate Capital Corporation_EQUITY_US
XRX/USD,Xerox_EQUITY_US
USD/TRY,USD/TRY_CURRENCY_
XRT/USD,SPDR S&P Retail ETF_EQUITY_US
TRU/USD,TransUnion_EQUITY_US
LTC/EUR,Litecoin / EUR_CRYPTOCURRENCY_
PRU/USD,Prudential Financial_EQUITY_US
TRV/USD,Travelers Cos_EQUITY_US
TRP/USD,TC Energy_EQUITY_US
XRP/USD,Ripple / USD_CRYPTOCURRENCY_
DTED/EUR,Deutsche Telekom_EQUITY_DE
HRL/USD,Hormel Foods_EQUITY_US
DRI/USD,Darden_EQUITY_US
TRI/USD,Thomson Reuters_EQUITY_US
DRE/USD,Duke Realty_EQUITY_US
LRC/USD,LRC/USD_CRYPTOCURRENCY_
HRB/USD,Block H&R_EQUITY_US
VK/EUR,Vallourec_EQUITY_FR
PM/USD,Philip Morris_EQUITY_US
PK/USD,Park Hotels & Resorts_EQUITY_US
PH/USD,Parker-Hannifin_EQUITY_US
PG/USD,Procter & Gamble_EQUITY_US
TUI1/EUR,TUI - EUR_EQUITY_DE
HSY/USD,Hershey_EQUITY_US
PSX/USD,Phillips_EQUITY_US
HST/USD,Host Hotels & Resorts_EQUITY_US
PUBP/EUR,Publicis_EQUITY_FR
EUR/HUF,EUR/HUF_CURRENCY_
CAD/ZAR,CAD/ZAR_CURRENCY_
TSM/USD,Taiwan Semiconductor_EQUITY_US
TSN/USD,Tyson Food_EQUITY_US
PSN/USD,Parsons Corporation_EQUITY_US
RBSL/GBP,NatWest Group PLC_EQUITY_GB
PSA/USD,Public Storage_EQUITY_US
QS/USD,QuantumScape Corporation_EQUITY_US
AUD/TRY,AUD/TRY_CURRENCY_
TRNM/EUR,Terna_EQUITY_IT
TTT/USD,ProShares UltraPro Short 20+ Year Treasury_EQUITY_US
PTR/USD,PetroChina Company Limited_EQUITY_US
EUR/TRY,EUR/TRY_CURRENCY_
XTN/USD,SPDR S&P Transportation ETF_EQUITY_US
PRY/EUR,Prysmian_EQUITY_IT
FFHCA/CAD,Fairfax Financial_EQUITY_CA
LTH/USD,"Life Time Group Holdings, Inc._EQUITY_US"
OIL - CRUDE/USD,Crude Oil_COMMODITY_
CHF/NOK,CHF/NOK_CURRENCY_
XRP/EUR,Ripple / EUR_CRYPTOCURRENCY_
LTC/USD,Litecoin / USD_CRYPTOCURRENCY_
PTC/USD,PTC_EQUITY_US
7011/JPY,"Mitsubishi Heavy Industries, Ltd._EQUITY_JP"
VZ/USD,Verizon_EQUITY_US
7012/JPY,"Kawasaki Heavy Industries, Ltd._EQUITY_JP"
8015/JPY,Toyota Tsusho Corporation_EQUITY_JP
PSM/EUR,PSM_EQUITY_DE
HUT/USD,Hut 8 Mining Corp._EQUITY_US
LUV/USD,Southwest_EQUITY_US
CRV/BTC,CRV/BTC_CRYPTOCURRENCY_
HUM/USD,Humana_EQUITY_US
DSY/EUR,Dassault System_EQUITY_FR
HUN/USD,Huntsman_EQUITY_US
DUK/USD,Duke Energy_EQUITY_US
USD/HUF,USD/HUF_CURRENCY_
WY/USD,Weyer_EQUITY_US
9020/JPY,East Japan Railway Company_EQUITY_JP
WM/USD,Waste Management_EQUITY_US
WE/USD,WeWork Inc._EQUITY_US
WB/USD,Weibo_EQUITY_US
LVS/USD,Las Vegas Sands_EQUITY_US
DVN/USD,Devon_EQUITY_US
PVH/USD,PVH_EQUITY_US
DVA/USD,DaVita_EQUITY_US
DPW/EUR,Deutsche Post_EQUITY_DE
RI/EUR,Pernod Ricard_EQUITY_FR
TS/USD,Tenaris - USD_EQUITY_US
TD/USD,Toronto Dominion Bank_EQUITY_US
U/USD,Unity Software Inc._EQUITY_US
PWR/USD,Quanta Services_EQUITY_US
8802/JPY,"Mitsubishi Estate Co., Ltd._EQUITY_JP"
SK/EUR,Seb_EQUITY_FR
7004/JPY,Hitachi Zosen Corporation_EQUITY_JP
UL/USD,Unilever PLC - USD_EQUITY_US
3407/JPY,Asahi Kasei Corporation_EQUITY_JP
UA/USD,Under Armour C_EQUITY_US
SW/EUR,Sodexo_EQUITY_FR
DXY/USD,US Dollar Index_INDEX_US
TXT/USD,Textron_EQUITY_US
TXN/USD,Texas Instruments_EQUITY_US
PXD/USD,Pioneer Resources_EQUITY_US
DXC/USD,Computer Sciences_EQUITY_US
ZS/USD,Zscaler_EQUITY_US
ZM/USD,Zoom Video Communications_EQUITY_US
ZI/USD,ZoomInfo Technologies Inc._EQUITY_US
LYV/USD,Live Nation_EQUITY_US
XYL/USD,Xylem_EQUITY_US
NOK/SEK,NOK/SEK_CURRENCY_
LYB/USD,LyondellBasell_EQUITY_US
CHF/ZAR,CHF/ZAR_CURRENCY_
XP/USD,XP_EQUITY_US
XM/USD,Qualtrics International Inc._EQUITY_US
YY/USD,JOYY Inc._EQUITY_US
CAD/NOK,CAD/NOK_CURRENCY_
GBP/NOK,GBP/NOK_CURRENCY_
LXS/EUR,Lanxess_EQUITY_DE
BMOCA/CAD,BMO_EQUITY_CA
HKD/MXN,HKD/MXN_CURRENCY_
BX/USD,Blackstone_EQUITY_US
BR/USD,Broadridge_EQUITY_US
BP/USD,BP - USD_EQUITY_US
BK/USD,Bank of NY_EQUITY_US
BG/USD,Bunge_EQUITY_US
BE/USD,Bloom Energy Corporation_EQUITY_US
BC/USD,Brunswick_EQUITY_US
BB/USD,BlackBerry_EQUITY_US
BA/USD,Boeing_EQUITY_US
TAP/USD,Molson Coors_EQUITY_US
HAS/USD,Hasbro_EQUITY_US
TAL/USD,TAL Education_EQUITY_US
GBP/JPY,GBP/JPY_CURRENCY_
TAN/USD,Invesco Solar ETF_EQUITY_US
NZD/CHF,NZD/CHF_CURRENCY_
PAA/USD,PAA_EQUITY_US
TAC/USD,TransAlta Corporation Ordinary_EQUITY_US
EN/EUR,Bouygues_EQUITY_FR
EO/EUR,Faurecia_EQUITY_FR
CP/USD,Canadian Pacific Railway_EQUITY_US
CM/USD,Canadian Imperial Bank_EQUITY_US
CL/USD,Colgate-Palmolive_EQUITY_US
CI/USD,Cigna_EQUITY_US
CF/USD,CF Industries_EQUITY_US
CE/USD,Celanese_EQUITY_US
CC/USD,Chemours_EQUITY_US
CB/USD,Chubb_EQUITY_US
LDO/EUR,Leonardo_EQUITY_IT
DBX/USD,Dropbox_EQUITY_US
CAD/JPY,CAD/JPY_CURRENCY_
PBW/USD,Invesco WilderHill Clean Energy ETF_EQUITY_US
OIL - BRENT/USD,Brent Oil_COMMODITY_
PBR/USD,Petrobras_EQUITY_US
HBI/USD,Hanesbrands_EQUITY_US
XBI/USD,SPDR S&P Biotech ETF_EQUITY_US
PBD/USD,Invesco Global Clean Energy ETF_EQUITY_US
PBF/USD,PBF Energy_EQUITY_US
TTEF/EUR,TotalEnergies SE_EQUITY_FR
FRP/EUR,Valeo_EQUITY_FR
HEID/EUR,Heidelbergcement_EQUITY_DE
LEO/EUR,Leoni_EQUITY_DE
TENM/EUR,Tenaris - EUR_EQUITY_IT
TEF/EUR,Telefonica_EQUITY_ES
BAND/USDT,BAND/USDT_CRYPTOCURRENCY_
PEAK/USD,Healthpeak_EQUITY_US
SEK/RUB,SEK/RUB_CURRENCY_
HER/EUR,Hera_EQUITY_IT
HCA/USD,HCA Healthcare_EQUITY_US
AR/USD,Antero Resources_EQUITY_US
AN/USD,AutoNation_EQUITY_US
AG/USD,First Majestic Silver Corp._EQUITY_US
LINK/USDT,ChainLink / Tether_CRYPTOCURRENCY_
AA/USD,Alcoa_EQUITY_US
DBK/EUR,Deutsche Bank_EQUITY_DE
SGD/JPY,SGD/JPY_CURRENCY_
PBB/EUR,PBB_EQUITY_DE
GBP/RUB,GBP/RUB_CURRENCY_
DDS/USD,Dillards_EQUITY_US
TDG/USD,Transdigm_EQUITY_US
TDC/USD,Teradata_EQUITY_US
HDB/USD,HDFC Bank_EQUITY_US
DAI/USDT,DAI/USDT_CRYPTOCURRENCY_
FL/USD,Foot Locker_EQUITY_US
FE/USD,FirstEnergy_EQUITY_US
DB1/EUR,Deutsche Boerse_EQUITY_DE
FB/USD,Meta Platforms Inc._EQUITY_US
TEX/USD,Terex_EQUITY_US
RTO/GBP,Rentokil Initial plc_EQUITY_GB
BTC/GBP,Bitcoin / GBP_CRYPTOCURRENCY_
PEP/USD,Pepsi_EQUITY_US
TER/USD,Teradyne_EQUITY_US
HES/USD,Hess_EQUITY_US
TEL/USD,TE Connectivity_EQUITY_US
XEL/USD,Xcel Energy_EQUITY_US
DEO/USD,Diageo - USD_EQUITY_US
LEN/USD,Lennar_EQUITY_US
LEG/USD,Leggett & Platt_EQUITY_US
PEG/USD,Publice Service_EQUITY_US
LEA/USD,Lear_EQUITY_US
AIFR/EUR,Air Liquide_EQUITY_FR
AM/EUR,Dassault Aviat_EQUITY_FR
GT/USD,Goodyear_EQUITY_US
AC/EUR,Accor_EQUITY_FR
GS/USD,Goldman Sachs_EQUITY_US
AD/EUR,Koninklijke Ahold Delhaize_EQUITY_NL
AFP/EUR,Air France_EQUITY_FR
GM/USD,GM_EQUITY_US
GE/USD,General Electric Co_EQUITY_US
GD/USD,General Dynamics_EQUITY_US
TFX/USD,Teleflex_EQUITY_US
SEK/JPY,SEK/JPY_CURRENCY_
DFS/USD,Discover_EQUITY_US
PFE/USD,Pfizer_EQUITY_US
PFG/USD,Principal Financial_EQUITY_US
HFC/USD,HollyFrontier_EQUITY_US
DY/USD,Dycom_EQUITY_US
BN/EUR,Danone_EQUITY_FR
DK/USD,Delek_EQUITY_US
DG/USD,Dollar General_EQUITY_US
DE/USD,Deere_EQUITY_US
DAI/EUR,Daimler_EQUITY_DE
DGX/USD,Quest Diagnostics_EQUITY_US
TGT/USD,Target_EQUITY_US
PGR/USD,Progressive_EQUITY_US
NZD/CNH,NZD/CNH_CURRENCY_
CAD/RUB,CAD/RUB_CURRENCY_
CO/EUR,Groupe Casino_EQUITY_FR
EW/USD,Edwards Lifesciences_EQUITY_US
CARF/EUR,Carrefour_EQUITY_FR
ET/USD,Energy Transfer LP_EQUITY_US
ES/USD,Eversource Energy_EQUITY_US
EL/USD,Estee Lauder_EQUITY_US
ED/USD,Consolidated Edison_EQUITY_US
EA/USD,Electronic Arts_EQUITY_US
THS/USD,Treehouse Foods_EQUITY_US
DHR/USD,Danaher_EQUITY_US
PHM/USD,Pulte_EQUITY_US
THO/USD,Thor Industries_EQUITY_US
DHI/USD,DR Horton_EQUITY_US
NZD/CAD,NZD/CAD_CURRENCY_
DAL/USD,Delta Air_EQUITY_US
PHG/USD,Koninklijke Philips_EQUITY_US
THC/USD,Tenet_EQUITY_US
LI/EUR,Klepierre_EQUITY_FR
JD/USD,Jd.Com_EQUITY_US
LIT/USD,Global X Lithium & Battery Tech ETF_EQUITY_US
DIS/USD,Disney_EQUITY_US
TOD/EUR,Tod'S_EQUITY_IT
LII/USD,Lennox_EQUITY_US
HII/USD,Huntington Ingalls_EQUITY_US
PII/USD,Polaris_EQUITY_US
HIG/USD,Hartford_EQUITY_US
ML/EUR,Michelin_EQUITY_FR
LIUS/USD,Li Auto Inc._EQUITY_US
MB/EUR,Mediobanca_EQUITY_IT
MC/EUR,LVMH_EQUITY_FR
KO/USD,Coca Cola - USD_EQUITY_US
KD/USD,Kyndryl Holdings Inc._EQUITY_US
TJX/USD,TJX_EQUITY_US
EUR/PLN,EUR/PLN_CURRENCY_PL
DLG/EUR,Dialog_EQUITY_DE
HLE/EUR,Hella_EQUITY_DE
AUD/PLN,AUD/PLN_CURRENCY_
NK/EUR,Imerys_EQUITY_FR
NN/EUR,NN Group_EQUITY_NL
HP/USD,Helmerich&Payne_EQUITY_US
TL5/EUR,Mediaset España_EQUITY_ES
HD/USD,Home Depot_EQUITY_US
CHF/JPY,CHF/JPY_CURRENCY_
LKQ/USD,LKQ_EQUITY_US
GBP/NZD,GBP/NZD_CURRENCY_
DKS/USD,Dick's Sporting_EQUITY_US
USD/DKK,USD/DKK_CURRENCY_
USD/HKD,USD/HKD_CURRENCY_
PKG/USD,Packaging of America_EQUITY_US
RYCA/CAD,RBC_EQUITY_CA
IT/USD,Gartner_EQUITY_US
IR/USD,Ingersoll_EQUITY_US
iQIYI/USD,iQIYI_EQUITY_US
IP/USD,International Paper_EQUITY_US
OR/EUR,L'Oreal_EQUITY_FR
LLY/USD,Eli Lilly_EQUITY_US
XLY/USD,Consumer Discretionary Select Sector SPDR Fund_EQUITY_US
TLT/USD,iShares 20+ Year Treasury Bond ETF_EQUITY_US
HLT/USD,Hilton_EQUITY_US
XLU/USD,Utilities Select Sector SPDR Fund_EQUITY_US
XLV/USD,Health Care Select Sector SPDR Fund_EQUITY_US
XLP/USD,Consumer Staples Select Sector SPDR Fund_EQUITY_US
DLR/USD,Digital_EQUITY_US
USD/PLN,USD/PLN_CURRENCY_PL
XLI/USD,Industrial Select Sector SPDR Fund_EQUITY_US
NZD/SEK,NZD/SEK_CURRENCY_
XLK/USD,Technology Select Sector SPDR Fund_EQUITY_US
PLD/USD,Prologis_EQUITY_US
XLE/USD,Energy Select Sector SPDR Fund_EQUITY_US
XLF/USD,Financial Select Sector SPDR Fund_EQUITY_US
HLF/USD,Herbalife_EQUITY_US
XLB/USD,Materials Select Sector SPDR Fund_EQUITY_US
HO/EUR,Thales_EQUITY_FR
NU/USD,Nu Holdings Ltd._EQUITY_US
NI/USD,Nisource_EQUITY_US
EUR/DKK,EUR/DKK_CURRENCY_
LMT/USD,Lockheed_EQUITY_US
CNH/JPY,CNH/JPY_CURRENCY_
TKA/EUR,Thyssenkrupp_EQUITY_DE
TMVETF/USD,Direxion Daily 20+ Year Treasury Bear 3X Shares_EQUITY_US
TMO/USD,Thermo Fisher_EQUITY_US
ON/USD,ON Semiconductor_EQUITY_US
OC/USD,Owens Corning_EQUITY_US
LNT/USD,Alliant Energy_EQUITY_US
LHA/EUR,Lufthansa_EQUITY_DE
PNW/USD,Pinnacle West_EQUITY_US
PNR/USD,Pentair_EQUITY_US
DNN/USD,Denison Mines Corp_EQUITY_US
NZD/SGD,NZD/SGD_CURRENCY_
NATURAL GAS/USD,Natural Gas_COMMODITY_
DNA/USD,Ginkgo Bioworks Holdings Inc._EQUITY_US
CHF/RUB,CHF/RUB_CURRENCY_
LNC/USD,Lincoln National_EQUITY_US
PNC/USD,PNC_EQUITY_US
LX/USD,LexinFintech_EQUITY_US
LW/USD,Lamb Weston_EQUITY_US
LH/USD,Laboratory_EQUITY_US
CHZ/BTC,CHZ/BTC_CRYPTOCURRENCY_
TOT/USD,TotalFinaElf_EQUITY_US
LOW/USD,Lowe's_EQUITY_US
DIAM/EUR,Diasorin_EQUITY_IT
DOV/USD,Dover_EQUITY_US
TOL/USD,Toll Brothers_EQUITY_US
XOM/USD,Exxon Mobil_EQUITY_US
HON/USD,Honeywell_EQUITY_US
HOG/USD,Harley-Davidson_EQUITY_US
TIT/EUR,Telecom Italia_EQUITY_IT
MU/USD,Micron_EQUITY_US
MTUS/USD,ArcelorMittal - USD_EQUITY_US
MS/USD,Morgan Stanley_EQUITY_US
MQ/USD,Marqeta_EQUITY_US
MO/USD,Altria Group_EQUITY_US
MJ/USD,ETFMG Alternative Harvest ETF_EQUITY_US
MD/USD,Mednax_EQUITY_US
SDF/EUR,K+S_EQUITY_DE
MA/USD,Mastercard_EQUITY_US
LBRDK/USD,Liberty Broadband_EQUITY_US
VRSN/USD,VeriSign_EQUITY_US
VRSK/USD,Verisk_EQUITY_US
AFRM/USD,"Affirm Holdings, Inc._EQUITY_US"
CBRE/USD,CBRE Group_EQUITY_US
FVRR/USD,Fiverr_EQUITY_US
AVRO/USD,"AVROBIO, Inc._EQUITY_US"
FNTN/EUR,Freenet_EQUITY_DE
LFST/USD,LifeStance Health_EQUITY_US
MVST/USD,"Microvast Holdings, Inc._EQUITY_US"
MNST/USD,Hansen_EQUITY_US
TATNRU/RUB,Tatneft-3_EQUITY_RU
ANSS/USD,ANSYS_EQUITY_US
FRSH/USD,Freshworks Inc._EQUITY_US
RRTL/EUR,RTL Group_EQUITY_DE
JNPR/USD,Juniper_EQUITY_US
ENPH/USD,"Enphase Energy, Inc._EQUITY_US"
BBVA/EUR,BBVA_EQUITY_ES
SNPS/USD,Synopsys_EQUITY_US
SRPT/USD,Sarepta_EQUITY_US
ARQQ/USD,Arqit Quantum Inc._EQUITY_US
MRVI/USD,Maravai Life Sciences Inc._EQUITY_US
MRVL/USD,Marvell_EQUITY_US
INVH/USD,Invitation Homes_EQUITY_US
ARVL/USD,Arrival_EQUITY_US
CRWD/USD,CrowdStrike_EQUITY_US
QRVO/USD,Qorvo_EQUITY_US
PRVB/USD,Provention Bio Inc._EQUITY_US
INTU/USD,Intuit_EQUITY_US
LBTYA/USD,Liberty Class A_EQUITY_US
INTC/USD,Intel_EQUITY_US
KARMARUB/RUB,KARMA (donation)/RUB_UTILITY_TOKENS_BY
CRTX/USD,Cortexyme Inc._EQUITY_US
SBUX/USD,Starbucks_EQUITY_US
BNTX/USD,Biontech SE_EQUITY_US
ANTM/USD,Anthem_EQUITY_US
GNTX/USD,Gentex_EQUITY_US
GLEN/GBP,Glencore_EQUITY_GB
CRTO/USD,Criteo S.A._EQUITY_US
JNUG/USD,Direxion Daily Junior Gold Miners Index Bull 2X Shares_EQUITY_US
ZNTL/USD,Zentalis Pharmaceuticals_EQUITY_US
KARMABTC/BTC,KARMA (donation)/BTC_UTILITY_TOKENS_BY
WBTC/USD,WBTC/USD_CRYPTOCURRENCY_
PRTY/USD,Party City Holdco Inc._EQUITY_US
BZUN/USD,Baozun_EQUITY_US
VRTX/USD,Vertex_EQUITY_US
QRTEA/USD,Qurate Retail Group_EQUITY_US
PZZA/USD,Papa Johns_EQUITY_US
KARMABYN/BYN,KARMA (donation)/BYN_UTILITY_TOKENS_BY
PBYI/USD,Puma Biotechnology_EQUITY_US
UVXY/USD,ProShares Ultra VIX Short-Term Futures ETF_EQUITY_US
LLOY/GBP,Lloyds_EQUITY_GB
RTNGB/GBP,Restaurant Group_EQUITY_GB
GRT/USDT,GRT/USDT_CRYPTOCURRENCY_
CRV/USDT,CRV/USDT_CRYPTOCURRENCY_
PPLCA/CAD,Pembina Pipeline_EQUITY_CA
GAZPRU/RUB,GAZPROM_EQUITY_RU
HYDRRU/RUB,RUSHYDRO_EQUITY_RU
IRBT/USD,iRobot_EQUITY_US
IRBO/USD,iShares Robotics & Artificial Intelligence ETF_EQUITY_US
BRBR/USD,BellRing Brands_EQUITY_US
BBBY/USD,Bed Bath & Beyond_EQUITY_US
ABBV/USD,AbbVie_EQUITY_US
SFER/EUR,Salvatore Ferragamo_EQUITY_IT
ARDS/EUR,Arcadis NV_EQUITY_NL
SRCL/USD,Stericycle_EQUITY_US
CRBN/USD,iShares MSCI ACWI Low Carbon Target ETF_EQUITY_US
INCY/USD,Incyte_EQUITY_US
ORCL/USD,Oracle_EQUITY_US
LRCX/USD,Lam Research_EQUITY_US
RDSB - GBP/GBP,Shell PLC - GBP_EQUITY_GB
KNC/USDT,KNC/USDT_CRYPTOCURRENCY_
URBN/USD,Urban_EQUITY_US
ARCT/USD,Arcturus Therapeutics Holdings Inc._EQUITY_US
FEESRU/RUB,FSK EES_EQUITY_RU
ENEL/EUR,Enel_EQUITY_IT
ABCL/USD,AbCellera Biologics Inc._EQUITY_US
SNX/USDT,SNX/USDT_CRYPTOCURRENCY_
WRBY/USD,Warby Parker Inc._EQUITY_US
XRAY/USD,Dentsply_EQUITY_US
SNAP/USD,Snapchat_EQUITY_US
SBAC/USD,SBA_EQUITY_US
MAGNRU/RUB,Magnitogorsk Iron & Steel Works_EQUITY_RU
INGA/EUR,ING Groep_EQUITY_NL
HBAN/USD,Huntington Banc_EQUITY_US
NVAX/USD,Novavax_EQUITY_US
GRAB/USD,Grab Holdings Limited_EQUITY_US
EBAY/USD,eBay_EQUITY_US
CVAC/USD,CureVac N.V._EQUITY_US
ENGI/EUR,Engie_EQUITY_FR
ZNGA/USD,Zynga Inc._EQUITY_US
INFO/USD,IHS Markit_EQUITY_US
PRGO/USD,Perrigo_EQUITY_US
TRGP/USD,Targa Resources_EQUITY_US
RUALRU/RUB,United Company Rusal_EQUITY_RU
INGR/USD,Ingredion_EQUITY_US
AVGO/USD,Broadcom_EQUITY_US
BNGO/USD,"Bionano Genomics, Inc._EQUITY_US"
NVDA/USD,Nvidia_EQUITY_US
MNDY/USD,monday.com_EQUITY_US
NRDS/USD,NerdWallet Inc._EQUITY_US
SBER/USD,Sberbank_EQUITY_GB
TREE/USD,Treecom_EQUITY_US
VNET/USD,21Vianet Group_EQUITY_US
UBER/USD,Uber_EQUITY_US
YNDX/USD,Yandex_EQUITY_US
ONEM/USD,1Life Healthcare_EQUITY_US
GREK/USD,Global X MSCI Greece ETF_EQUITY_US
ANET/USD,Arista_EQUITY_US
WOLF/USD,"Wolfspeed, Inc._EQUITY_US"
SIBNRU/RUB,GAZPROM NEFT PJSC_EQUITY_RU
CHZ/USDT,CHZ/USDT_CRYPTOCURRENCY_
SBMO/EUR,SBM Offshore_EQUITY_NL
IBKR/USD,Interactive Brokers_EQUITY_US
BRKB/USD,Berkshire Hathaway_EQUITY_US
ARKQ/USD,ARK Autonomous Technology & Robotics ETF_EQUITY_US
ARKW/USD,ARK Next Generation Internet ETF_EQUITY_US
ARKK/USD,ARK Innovation ETF_EQUITY_US
ARKG/USD,ARK Genomic Revolution ETF_EQUITY_US
JBHT/USD,J.B. Hunt_EQUITY_US
X/USD,US Steel_EQUITY_US
Z/USD,Zillow_EQUITY_US
FRHC/USD,Freedom Holding Corp._EQUITY_US
T/USD,AT&T_EQUITY_US
ABND/EUR,ABN AMRO Group_EQUITY_NL
W/USD,Wayfair_EQUITY_US
V/USD,Visa_EQUITY_US
S/USD,"SentinelOne, Inc._EQUITY_US"
R/USD,Ryder System_EQUITY_US
M/USD,Macy's_EQUITY_US
L/USD,Loews_EQUITY_US
O/USD,Realty Income_EQUITY_US
H/USD,Hyatt_EQUITY_US
FBHS/USD,Fortune Brands_EQUITY_US
K/USD,Kellogg_EQUITY_US
D/USD,Dominion Resources_EQUITY_US
UNI/USD,Uniswap / USD_CRYPTOCURRENCY_
F/USD,Ford Motor_EQUITY_US
A/USD,Agilent_EQUITY_US
TRIP/USD,TripAdvisor_EQUITY_US
C/USD,Citigroup_EQUITY_US
NBIX/USD,Neurocrine_EQUITY_US
CRIS/USD,"Curis, Inc._EQUITY_US"
BBIG/USD,Vinco Ventures Inc._EQUITY_US
FFIV/USD,F5 Networks_EQUITY_US
DRIV/USD,Global X Autonomous & Electric Vehicles ETF_EQUITY_US
MRNA/USD,Moderna_EQUITY_US
IRNT/USD,IronNet Inc._EQUITY_US
SNOW/USD,Snowflake Inc._EQUITY_US
GM/EUR,Generali_EQUITY_IT
CNHIM/EUR,CNH Industrial_EQUITY_IT
ARNC/USD,Arconic_EQUITY_US
TROW/USD,T Rowe_EQUITY_US
ABNB/USD,"Airbnb, Inc._EQUITY_US"
UBOT/USD,Direxion Daily Robotics Artificial Intelligence & Automation Index Bull 3X Shares_EQUITY_US
OZON/USD,Ozon Holdings PLC_EQUITY_US
CROX/USD,"Crocs, Inc._EQUITY_US"
CBOE/USD,CBOE_EQUITY_US
CRON/USD,CRON_EQUITY_US
JBLU/USD,JetBlue_EQUITY_US
ORLY/USD,O'Reilly_EQUITY_US
NFLX/USD,Netflix_EQUITY_US
CFLT/USD,"Confluent, Inc._EQUITY_US"
CAKE/BTC,CAKE/BTC_CRYPTOCURRENCY_
GMKNRU/RUB,MMC Norilsk Nickel_EQUITY_RU
RBLX/USD,Roblox Corp_EQUITY_US
GRMN/USD,Garmin_EQUITY_US
ARMK/USD,Aramark_EQUITY_US
ABMD/USD,ABIOMED_EQUITY_US
SPY/USD,SPDR S&P 500 ETF Trust_EQUITY_US
SPT/USD,Sprout Social_EQUITY_US
CPT/USD,Camden Property_EQUITY_US
GPS/USD,Gap_EQUITY_US
SPR/USD,Spirit Aerosystems_EQUITY_US
WPM/USD,Silver Wheaton_EQUITY_US
GPN/USD,Global Payments_EQUITY_US
CPE/USD,Callon Petroleum_EQUITY_US
SPG/USD,Simon Property_EQUITY_US
GPC/USD,Genuine Parts_EQUITY_US
SPB/USD,Spectrum Brands_EQUITY_US
CPB/USD,Campbell Soup_EQUITY_US
SQM/USD,Sociedad Quimica y Minera_EQUITY_US
TRY/JPY,TRY/JPY_CURRENCY_
ACBCA/CAD,Aurora Cannabis_EQUITY_CA
GRT/USD,The Graph / USD_CRYPTOCURRENCY_
CRV/USD,CRV/USD_CRYPTOCURRENCY_
CRM/USD,Salesforce_EQUITY_US
ORI/USD,Old Republic_EQUITY_US
CRI/USD,Carters_EQUITY_US
WRK/USD,WestRock Co_EQUITY_US
LTC/RUB,Litecoin / RUB_CRYPTOCURRENCY_
SRE/USD,Sempra_EQUITY_US
SRC/USD,Spirit Realty Capital_EQUITY_US
CSX/USD,CSX_EQUITY_US
KSS/USD,Kohl's_EQUITY_US
WSM/USD,Williams-Sonoma_EQUITY_US
CSL/USD,Carlisle_EQUITY_US
GSK/USD,GlaxoSmithKline_EQUITY_US
OSK/USD,Oshkosh_EQUITY_US
LTC/BTC,Litecoin / Bitcoin_CRYPTOCURRENCY_
SSA/USD,Sistema_EQUITY_GB
STX/USD,Seagate_EQUITY_US
STZ/USD,Constellation Brands_EQUITY_US
2914/JPY,Japan Tobacco Inc._EQUITY_JP
STT/USD,State Street_EQUITY_US
XRP/RUB,Ripple / RUB_CRYPTOCURRENCY_
ORAP/EUR,Orange_EQUITY_FR
WTW/USD,WW International Inc_EQUITY_US
SRG/EUR,Snam_EQUITY_IT
LUMN/USD,Lumen Technologies_EQUITY_US
STM/USD,STMicroelectronics - USD_EQUITY_US
ORP/EUR,Orpea_EQUITY_FR
3116/JPY,Toyota Boshoku Corporation_EQUITY_JP
SSL.MI/EUR,S.S. Lazio_EQUITY_IT
XRP/BTC,Ripple / Bitcoin_CRYPTOCURRENCY_
KPN/EUR,Koninklijke KPN_EQUITY_NL
CVX/USD,Chevron_EQUITY_US
CVS/USD,CVS_EQUITY_US
2502/JPY,"Asahi Group Holdings, Ltd._EQUITY_JP"
GWW/USD,Grainger W.W._EQUITY_US
SWN/USD,Southwestern Energy_EQUITY_US
GWH/USD,ESS Tech Inc._EQUITY_US
SWI/USD,SolarWinds Corporation_EQUITY_US
SWK/USD,Stanley Black_EQUITY_US
NOK/DKK,NOK/DKK_CURRENCY_
4901/JPY,FUJIFILM Holdings Corporation_EQUITY_JP
4902/JPY,"Konica Minolta, Inc._EQUITY_JP"
6503/JPY,Mitsubishi Electric Corporation_EQUITY_JP
5108/JPY,Bridgestone Corporation_EQUITY_JP
6501/JPY,"Hitachi, Ltd._EQUITY_JP"
6502/JPY,Toshiba Corporation_EQUITY_JP
OXY/USD,Occidental Petroleum_EQUITY_US
XRP/BYN,Ripple / BYN_CRYPTOCURRENCY_
GXC/USD,SPDR S&P China ETF_EQUITY_US
WBTC/USDT,WBTC/USDT_CRYPTOCURRENCY_
6952/JPY,"Casio Computer Co.,Ltd._EQUITY_JP"
SYY/USD,Sysco_EQUITY_US
NLOK/USD,NortonLifeLock_EQUITY_US
SYK/USD,Stryker_EQUITY_US
SYF/USD,Synchrony Financial_EQUITY_US
CZR/USD,Caesars_EQUITY_US
USD/CZK,USD/CZK_CURRENCY_
9531/JPY,"Tokyo Gas Co.,Ltd._EQUITY_JP"
NZD/TRY,NZD/TRY_CURRENCY_
EUR/CZK,EUR/CZK_CURRENCY_
SZG/EUR,Salzgitter_EQUITY_DE
EU50/EUR,Euro Stoxx 50_INDEX_DE
LTC/BYN,Litecoin / BYN_CRYPTOCURRENCY_
ELDCA/CAD,Eldorado Gold_EQUITY_CA
7974/JPY,"Nintendo Co., Ltd._EQUITY_JP"
6971/JPY,Kyocera Corporation_EQUITY_JP
IMGCA/CAD,IAMGOLD_EQUITY_CA
6586/JPY,Makita Corporation_EQUITY_JP
4188/JPY,Mitsubishi Chemical Holdings Corporation_EQUITY_JP
SY1/EUR,Symrise_EQUITY_DE
GFC/EUR,Gecina Reit_EQUITY_FR
SGO/EUR,Saint-Gobain_EQUITY_FR
SGL/EUR,Sgl Carbon_EQUITY_DE
WAT/USD,Waters_EQUITY_US
CAT/USD,Caterpillar_EQUITY_US
Avis Budget Group Inc/USD,Avis_EQUITY_US
EUR/SGD,EUR/SGD_CURRENCY_
KGX/EUR,KION_EQUITY_DE
CAH/USD,Cardinal Health_EQUITY_US
AUD/SGD,AUD/SGD_CURRENCY_
USD/CAD,USD/CAD_CURRENCY_
CAG/USD,ConAgra_EQUITY_US
WAB/USD,Westinghouse Air Brake_EQUITY_US
CDIP/EUR,Christian Dior_EQUITY_FR
WBX/USD,Wallbox N.V._EQUITY_US
GBP/USD,GBP/USD_CURRENCY_
KBH/USD,KB Home_EQUITY_US
WBA/USD,Walgreen_EQUITY_US
EUR/SEK,EUR/SEK_CURRENCY_SE
CHF/MXN,CHF/MXN_CURRENCY_
CCL/USD,Carl - USD_EQUITY_US
WCN/USD,Waste Connections_EQUITY_US
CCI/USD,Crown Castle_EQUITY_US
CCK/USD,Crown_EQUITY_US
KER/EUR,Kering_EQUITY_FR
SEV/EUR,Suez_EQUITY_FR
GET/EUR,Getlink_EQUITY_FR
CBK/EUR,Commerzbank_EQUITY_DE
GDX/USD,VanEck Vectors Gold Miners ETF_EQUITY_US
UK100/GBP,FTSE 100_INDEX_GB
CDW/USD,CDW_EQUITY_US
GBF/EUR,Bilfinger_EQUITY_DE
GBP/AUD,GBP/AUD_CURRENCY_
GDS/USD,GDS_EQUITY_US
CDK/USD,CDK Global_EQUITY_US
EUR/GBP,EUR/GBP_CURRENCY_
WDC/USD,Western Digital_EQUITY_US
SDC/USD,SmileDirectClub_EQUITY_US
OCI/EUR,OCI_EQUITY_NL
KEY/USD,Keycorp_EQUITY_US
UNI/USDT,Uniswap / Tether_CRYPTOCURRENCY_
WEN/USD,The Wendy's_EQUITY_US
NZD/PLN,NZD/PLN_CURRENCY_
USD/SEK,USD/SEK_CURRENCY_
SCR/EUR,Scor_EQUITY_FR
SEE/USD,Sealed Air_EQUITY_US
WEC/USD,Wisconsin Energy_EQUITY_US
GFS/USD,GlobalFoundries Inc._EQUITY_US
CFR/USD,"Cullen/Frost Bankers, Inc._EQUITY_US"
GFL/USD,GFL Environmental_EQUITY_US
CFG/USD,Citizens Financial_EQUITY_US
WFC/USD,Wells Fargo_EQUITY_US
WAF/EUR,Siltronic_EQUITY_DE
SAF/EUR,Safran_EQUITY_FR
EUR/CAD,EUR/CAD_CURRENCY_CA
AUD/CAD,AUD/CAD_CURRENCY_
USD/SGD,USD/SGD_CURRENCY_
SAPD/EUR,SAP_EQUITY_DE
EUR/CNH,EUR/CNH_CURRENCY_
CHZ/USD,CHZ/USD_CRYPTOCURRENCY_
DKK/JPY,DKK/JPY_CURRENCY_
SHW/USD,Sherwin-Williams_EQUITY_US
WHR/USD,Whirlpool_EQUITY_US
OHI/USD,Omega Healthcare_EQUITY_US
AUD/CNH,AUD/CNH_CURRENCY_
CHD/USD,Church & Dwight_EQUITY_US
USD/CHF,USD/CHF_CURRENCY_
KHC/USD,Kraft Food_EQUITY_US
SHC/USD,Sotera Health Co_EQUITY_US
COND/EUR,Continental_EQUITY_DE
SIX/USD,Six Flags_EQUITY_US
OIX/USD,Oil Portfolio Index_EQUITY_US
GBP/MXN,GBP/MXN_CURRENCY_
GIS/USD,General Mills_EQUITY_US
KIM/USD,Kimco_EQUITY_US
OIH/USD,VanEck Vectors Oil Services ETF_EQUITY_US
SIG/USD,Signet Jewelers_EQUITY_US
SOW/EUR,Software_EQUITY_DE
GLE/EUR,Societe Generale_EQUITY_FR
SJM/USD,J.M Smucker_EQUITY_US
CAD/MXN,CAD/MXN_CURRENCY_
PLN/RUB,PLN/RUB_CURRENCY_
EZJ/GBP,EasyJet_EQUITY_GB
SKX/USD,Skechers_EQUITY_US
SKT/USD,Tanger Factory Outlet_EQUITY_US
KKR/USD,KKR_EQUITY_US
OKE/USD,ONEOK_EQUITY_US
CLX/USD,Clorox_EQUITY_US
GLW/USD,Corning_EQUITY_US
CLR/USD,Continental Resources_EQUITY_US
WLL/USD,Whiting Petroleum_EQUITY_US
OLN/USD,Olin_EQUITY_US
SGD/MXN,SGD/MXN_CURRENCY_
WLK/USD,Westlake Chemical_EQUITY_US
GLD/USD,SPDR Gold Shares_EQUITY_US
CLF/USD,Cleveland-Cliffs_EQUITY_US
SLG/USD,SL Green_EQUITY_US
SLB/USD,Schlumberger_EQUITY_US
CLB/USD,Core Laboratories_EQUITY_US
KMX/USD,CarMax_EQUITY_US
WMT/USD,Wal-mart_EQUITY_US
CMS/USD,CMS Energy_EQUITY_US
KMI/USD,Kinder Morgan_EQUITY_US
CMI/USD,Cummins_EQUITY_US
GME/USD,GameStop_EQUITY_US
CME/USD,CME group_EQUITY_US
OMG/USD,OMG / USD_CRYPTOCURRENCY_
CMG/USD,Chipotle_EQUITY_US
WMG/USD,Warner Music Group Corp._EQUITY_US
SMG/USD,SMG_EQUITY_US
CMA/USD,Comerica_EQUITY_US
WMB/USD,Williams_EQUITY_US
OMC/USD,Omnicom_EQUITY_US
KMB/USD,Kimberly-Clark_EQUITY_US
SNX/USD,SNX/USD_CRYPTOCURRENCY_
CNX/USD,CNX Resources_EQUITY_US
KNX/USD,Knight Transportation_EQUITY_US
SNY/USD,Sanofi_EQUITY_US
OHL/EUR,OHL_EQUITY_ES
SHA/EUR,Schaeffler_EQUITY_DE
NOK/TRY,NOK/TRY_CURRENCY_
EUR/CHF,EUR/CHF_CURRENCY_
SNP/USD,China Petroleum & Chemical Corporation_EQUITY_US
CNQ/USD,Canadian Natural Resource_EQUITY_US
CNP/USD,Centerpoint_EQUITY_US
CNI/USD,Canadian Railway_EQUITY_US
USD/CNH,USD/CNH_CURRENCY_
CNK/USD,Cinemark_EQUITY_US
SNE/USD,Sony_EQUITY_US
AUD/CHF,AUD/CHF_CURRENCY_
SEK/MXN,SEK/MXN_CURRENCY_
SNA/USD,Snap On_EQUITY_US
CNC/USD,Centene_EQUITY_US
KNC/USD,KNC/USD_CRYPTOCURRENCY_
COP/USD,ConocoPhillips_EQUITY_US
PLN/JPY,PLN/JPY_CURRENCY_
SIE/EUR,Siemens_EQUITY_DE
COO/USD,Cooper_EQUITY_US
COG/USD,Coterra Energy Inc_EQUITY_US
COF/USD,Capital One_EQUITY_US
MARA/USD,"Marathon Patent Group, Inc._EQUITY_US"
NVTKRU/RUB,Novatek_EQUITY_RU
G1A/EUR,Gea Group_EQUITY_DE
KARMAUSD/USD,KARMA (donation)/USD_UTILITY_TOKENS_BY
SQSP/USD,"Squarespace, Inc._EQUITY_US"
TASK/USD,TaskUs Inc._EQUITY_US
CYRX/USD,Cryoport Inc._EQUITY_US
WISH/USD,ContextLogic Inc_EQUITY_US
AMRS/USD,"Amyris, Inc._EQUITY_US"
BERY/USD,Berry Global_EQUITY_US
BIRD/USD,Allbirds Inc_EQUITY_US
BURL/USD,Burlington Stores_EQUITY_US
SUSHI/USD,SUSHI/USD_CRYPTOCURRENCY_
BMRN/USD,BioMarin_EQUITY_US
BARK/USD,The Original BARK Company_EQUITY_US
SMSN/USD,Samsung_EQUITY_GB
CERN/USD,Cerner_EQUITY_US
O2D/EUR,Telefonica DE_EQUITY_DE
AMUN/EUR,Amundi_EQUITY_FR
DISH/USD,DISH Network_EQUITY_US
DASH/USD,DoorDash Inc_EQUITY_US
DISCA/USD,Discovery_EQUITY_US
FAST/USD,Fastenal_EQUITY_US
FISV/USD,Fiserv_EQUITY_US
TSCOL/GBP,Tesco_EQUITY_GB
JUVE/EUR,Juventus FC_EQUITY_IT
MUV2/EUR,Munich Re_EQUITY_DE
AAPL/USD,Apple_EQUITY_US
TQQQ/USD,ProShares UltraPro QQQ_EQUITY_US
REP/USD,Augur / USD_CRYPTOCURRENCY_
PYPL/USD,PayPal_EQUITY_US
VIPS/USD,Vipshop_EQUITY_US
FIVE/USD,Five Below_EQUITY_US
HIVE/USD,HIVE Blockchain Technologies Ltd._EQUITY_US
QIWI/USD,QIWI plc - American Depositary_EQUITY_US
AAVE/USD,AAVE/USD_CRYPTOCURRENCY_
NEWR/USD,"New Relic, Inc._EQUITY_US"
TEVA/USD,Teva_EQUITY_US
SAVA/USD,Cassava Sciences Inc._EQUITY_US
SIVB/USD,SVB_EQUITY_US
AMWL/USD,American Well Corporation_EQUITY_US
RIVN/USD,Rivian Automotive Inc._EQUITY_US
MATIC/USD,MATIC/USD_CRYPTOCURRENCY_
JETS/USD,U.S. Global Jets ETF_EQUITY_US
META/USD,Roundhill Ball Metaverse ETF_EQUITY_US
LITE/USD,Lumentum_EQUITY_US
KARMAEUR/EUR,KARMA (donation)/EUR_UTILITY_TOKENS_BY
SESG/EUR,Ses Fdr_EQUITY_FR
AMTX/USD,Aemetis Inc._EQUITY_US
FITB/USD,Fifth Third_EQUITY_US
BITF/USD,Bitfarms Ltd._EQUITY_US
GOLD/USD,Gold_COMMODITY_
ENRURU/RUB,Enel Russia_EQUITY_RU
BITO/USD,ProShares Bitcoin Strategy ETF_EQUITY_US
TMUS/USD,T-Mobile_EQUITY_US
YETI/USD,"YETI Holdings, Inc._EQUITY_US"
KARMAETH/ETH,KARMA (donation)/ETH_UTILITY_TOKENS_BY
BESI/EUR,BE Semiconductor Industries_EQUITY_NL
WATT/USD,Energous_EQUITY_US
JAZZ/USD,Jazz Pharma_EQUITY_US
LAZR/USD,Luminar Technologies Inc_EQUITY_US
TK2/GBP,London Wheat Futures May 2022_COMMODITY_GB
GSKL/GBP,GSK_EQUITY_GB
AMZN/USD,Amazon_EQUITY_US
PAYX/USD,Paychex_EQUITY_US
AAXJ/USD,iShares MSCI All Country Asia ex Japan ETF_EQUITY_US
REYN/USD,Reynolds Consumer Products_EQUITY_US
PAYC/USD,Paycom Soft_EQUITY_US
HUYA/USD,HUYA Inc. American depositary s_EQUITY_US
LTC/USDT,LTC/USDT_CRYPTOCURRENCY_
BAYN/EUR,Bayer_EQUITY_DE
XRP/USDT,XRP/USDT_CRYPTOCURRENCY_
CCLL/GBP,Carl - GBP_EQUITY_GB
SBERPRU/RUB,Sberbank Rossii Pref_EQUITY_RU
SBERRU/RUB,Sberbank Rossii_EQUITY_RU
HUBS/USD,HubSpot_EQUITY_US
TECK/USD,Teck Cominco_EQUITY_US
FUBO/USD,fuboTV Inc._EQUITY_US
SGRO/GBP,SEGRO Plc_EQUITY_GB
VICI/USD,VICI Properties_EQUITY_US
RACE/USD,Ferrari - USD_EQUITY_US
BABA/USD,Alibaba_EQUITY_US
NYCB/USD,NY Community Bancorp_EQUITY_US
JACK/USD,Jack In The Box_EQUITY_US
CMCSA/USD,Comcast_EQUITY_US
DECK/USD,Deckers Outdoor_EQUITY_US
CIEA/EUR,CIEA_EQUITY_ES
YNDXRU/RUB,Yandex N.V._EQUITY_RU
PUBM/USD,"PubMatic, Inc._EQUITY_US"
WOSG/GBP,Watches of Switzerland Group plc_EQUITY_GB
TEAM/USD,Atlassian_EQUITY_US
SNGSRU/RUB,Surgutneftegaz_EQUITY_RU
RYAN/USD,"RYAN SPECIALTY GROUP HOLDINGS, INC._EQUITY_US"
LIAC/USD,American Lithium Corp._EQUITY_US
HEAR/USD,Turtle Beach Corporation_EQUITY_US
LIGHT/EUR,Signify_EQUITY_NL
AEGN/EUR,Aegon_EQUITY_NL
FUGRC/EUR,Fugro_EQUITY_NL
AMAT/USD,Applied_EQUITY_US
LYFT/USD,LYFT_EQUITY_US
PAGS/USD,PagSeguro Digital_EQUITY_US
SAGE/USD,Sage Therapeutic_EQUITY_US
SILVER/USD,Silver_COMMODITY_
REGN/USD,Regeneron_EQUITY_US
RMF22/USD,Robusta Coffee Futures Jan 2022_COMMODITY_
IRAORU/RUB,INTER RAO UES_EQUITY_RU
BIGC/USD,"BigCommerce Holdings, Inc._EQUITY_US"
AMGN/USD,Amgen_EQUITY_US
SAFM/USD,Sanderson Farms_EQUITY_US
MIDD/USD,The Middleby_EQUITY_US
BEDU/USD,Bright Scholar Education_EQUITY_US
BIDU/USD,Baidu_EQUITY_US
DIDI/USD,DiDi Global Inc._EQUITY_US
VEEV/USD,Veeva Sys_EQUITY_US
IMCD/EUR,IMCD_EQUITY_NL
AIEQ/USD,AI Powered Equity ETF_EQUITY_US
RIDE/USD,Lordstown Motors Corp._EQUITY_US
SEDG/USD,SolarEdge Technologies_EQUITY_US
CIEN/USD,Ciena_EQUITY_US
AFLTRU/RUB,Aeroflot_EQUITY_RU
AALB/EUR,Aalberts Industries_EQUITY_NL
BAMN/EUR,Koninklijke BAM_EQUITY_NL
CAKE/USD,CAKE/USD_CRYPTOCURRENCY_
AENA/EUR,Aena_EQUITY_ES
HEN3/EUR,Henkel_EQUITY_DE
RMH22/USD,Robusta Coffee Futures Mar 2022_COMMODITY_
MEIX/USD,MEIX - Meme Stocks Index_EQUITY_
DAI/USD,DAI/USD_CRYPTOCURRENCY_
AUIX/USD,US Airlines Index_EQUITY_US
RAND/EUR,Randstad NV_EQUITY_NL
EQIX/USD,Equinix_EQUITY_US
EMIX/USD,EMIX - Elon M Portfolio_EQUITY_
BIIB/USD,Biogen_EQUITY_US
CBOMRU/RUB,Moskovskiy Kreditnyi Bank_EQUITY_RU
LINK/USD,ChainLink / USD_CRYPTOCURRENCY_
MANA/USD,MANA/USD_CRYPTOCURRENCY_
ZION/USD,Zions_EQUITY_US
MANU/USD,Manchester United_EQUITY_US
FANG/USD,Diamondback_EQUITY_US
FANH/USD,Fanhua_EQUITY_US
BYND/USD,Beyond Meat_EQUITY_US
BAND/USD,BAND/USD_CRYPTOCURRENCY_
HEIN/EUR,Heineken_EQUITY_NL
HEIO/EUR,Heineken_EQUITY_NL
MVIDRU/RUB,M.video_EQUITY_RU
PAH3/EUR,Porsche_EQUITY_DE
WING/USD,Wingstop Inc._EQUITY_US
PANW/USD,Palo Alto Networks_EQUITY_US
WYNN/USD,Wynn_EQUITY_US
PINS/USD,Pinterest_EQUITY_US
AMOV/USD,"América Móvil, S.A.B. de C.V._EQUITY_US"
WINT/USD,Windtree Therapeutics Inc._EQUITY_US
MELI/USD,MercadoLibre_EQUITY_US
HAL/USD,Halliburton_EQUITY_US
HYLN/USD,Hyliion Holdings Corp._EQUITY_US
LULU/USD,Lululemon Athletica_EQUITY_US
YUMC/USD,Yum China_EQUITY_US
GILD/USD,Gilead_EQUITY_US
BILL/USD,Bill.com_EQUITY_US
BILI/USD,Bilibili_EQUITY_US
SUMO/USD,"Sumo Logic, Inc._EQUITY_US"
YELP/USD,Yelp_EQUITY_US
MRKCRU/RUB,IDGC CENTRE_EQUITY_RU
MRKURU/RUB,MRSK URALA_EQUITY_RU
IEMG/USD,iShares Core MSCI Emerging Markets ETF_EQUITY_US
VALE/USD,Vale_EQUITY_US
AFKSRU/RUB,SISTEMA PJSFC_EQUITY_RU
WELL/USD,Welltower_EQUITY_US
GAMR/USD,ETFMG Video Game Tech ETF_EQUITY_US
AAME/USD,Atlantic American Corporation_EQUITY_US
BVI/EUR,Bureau Veritas_EQUITY_FR
USD/JPY,USD/JPY_CURRENCY_
FPX/USD,First Trust US Equity Opportunities ETF_EQUITY_US
BVB/EUR,Borussia Dortmund_EQUITY_DE
JPM/USD,JP Morgan_EQUITY_US
CHF/DKK,CHF/DKK_CURRENCY_
LBCA/CAD,Laurentian Bank_EQUITY_CA
TCWCA/CAD,Trican Well_EQUITY_CA
RWE/EUR,RWE_EQUITY_DE
NZD/MXN,NZD/MXN_CURRENCY_
HCGCA/CAD,Home Capital Group_EQUITY_CA
0x/USD,0x / USD_CRYPTOCURRENCY_
BRX/USD,Brixmor Property_EQUITY_US
FRT/USD,Federal Realty_EQUITY_US
BTC/EUR,Bitcoin / EUR_CRYPTOCURRENCY_
ETH/RUB,Ethereum / RUB_CRYPTOCURRENCY_
BRK.A10/USD,Berkshire 10 Index_EQUITY_US
NRG/USD,NRG_EQUITY_US
FRC/USD,First Republic Bank_EQUITY_US
RRC/USD,Range Resources_EQUITY_US
RUI/EUR,Rubis_EQUITY_FR
RSX/USD,VanEck Vectors Russia ETF_EQUITY_US
BSX/USD,Boston Scientific_EQUITY_US
VST/USD,Vistra Energy_EQUITY_US
EUR/RUB,EUR/RUB_CURRENCY_RU
ETH/BTC,Ethereum / Bitcoin_CRYPTOCURRENCY_
RSG/USD,Republic Services_EQUITY_US
NSC/USD,Norfolk_EQUITY_US
NL25/EUR,Amsterdam AEX 25_INDEX_NL
FTV/USD,Fortive_EQUITY_US
FRA/EUR,Fraport_EQUITY_DE
VTR/USD,Ventas_EQUITY_US
FRE/EUR,Fresenius SE & Co_EQUITY_DE
ZTS/USD,Zoetis_EQUITY_US
ZTO/USD,ZTO Express (Cayman)_EQUITY_US
FTI/USD,FMC Technologies_EQUITY_US
BTI/USD,British American Tobacco - USD_EQUITY_US
VTI/USD,Vanguard Total Stock Market ETF_EQUITY_US
BTC/USD,Bitcoin / USD_CRYPTOCURRENCY_
NUE/USD,Nucor_EQUITY_US
BUD/USD,ABInBev_EQUITY_US
USD/RUB,USD/RUB_CURRENCY_RU
AUD/JPY,AUD/JPY_CURRENCY_
NVS/USD,Novartis - USD_EQUITY_US
NVR/USD,NVR_EQUITY_US
BPE/EUR,Bper Banca_EQUITY_IT
NVO/USD,Nordisk_EQUITY_US
EUR/JPY,EUR/JPY_CURRENCY_
FMCA/CAD,First Quantum Minerals_EQUITY_CA
CHF/PLN,CHF/PLN_CURRENCY_
NWL/USD,Newell_EQUITY_US
VWO/USD,Vanguard FTSE Emerging Markets ETF_EQUITY_US
JWN/USD,Nordstrom_EQUITY_US
BWA/USD,BorgWarner_EQUITY_US
7201/JPY,"Nissan Motor Co., Ltd._EQUITY_JP"
7202/JPY,Isuzu Motors Limited_EQUITY_JP
7203/JPY,Toyota Motor Corporation_EQUITY_JP
9201/JPY,"Japan Airlines Co., Ltd._EQUITY_JP"
9202/JPY,ANA Holdings Inc._EQUITY_JP
8604/JPY,"Nomura Holdings, Inc._EQUITY_JP"
5201/JPY,AGC Inc._EQUITY_JP
CN50/USD,FTSE China A50_INDEX_CN
RXT/USD,Rackspace Technology Inc._EQUITY_US
BXP/USD,Boston Properties_EQUITY_US
NYT/USD,NY Times_EQUITY_US
USD/BYN,USD/BYN_CURRENCY_BY
BYD/USD,Boyd Gaming_EQUITY_US
7261/JPY,Mazda Motor Corporation_EQUITY_JP
7269/JPY,Suzuki Motor Corporation_EQUITY_JP
7267/JPY,"Honda Motor Co., Ltd._EQUITY_JP"
GBP/DKK,GBP/DKK_CURRENCY_
NZD/USD,NZD/USD_CURRENCY_
PLN/SEK,PLN/SEK_CURRENCY_
MXN/JPY,MXN/JPY_CURRENCY_
EUR/NZD,EUR/NZD_CURRENCY_
HNLCA/CAD,Horizon North_EQUITY_CA
AUD/NZD,AUD/NZD_CURRENCY_
BZU/EUR,Buzzi Unicem_EQUITY_IT
GBP/PLN,GBP/PLN_CURRENCY_PL
POUCA/CAD,Paramount Resources_EQUITY_CA
HKD/SEK,HKD/SEK_CURRENCY_
DKK/SEK,DKK/SEK_CURRENCY_
TLW/GBP,Tullow_EQUITY_GB
IT40/EUR,Italy 40_INDEX_IT
RXL/EUR,Rexel_EQUITY_FR
CAD/PLN,CAD/PLN_CURRENCY_
ETH/BYN,Ethereum / BYN_CRYPTOCURRENCY_
7270/JPY,Subaru Corporation_EQUITY_JP
EUR/BYN,EUR/BYN_CURRENCY_BY
CAD/TRY,CAD/TRY_CURRENCY_
COMP/USDT,Compound / Tether_CRYPTOCURRENCY_
BGN/EUR,Banca Generali_EQUITY_IT
BAX/USD,Baxter_EQUITY_US
BAT/USD,BAT/USD_CRYPTOCURRENCY_
BAP/USD,Credicorp_EQUITY_US
USD/ZAR,USD/ZAR_CURRENCY_
BAL/USD,BAL/USD_CRYPTOCURRENCY_
FAN/USD,First Trust Global Wind Energy ETF_EQUITY_US
FGR/EUR,Eiffage_EQUITY_FR
RAD/USD,Rite Aid_EQUITY_US
BAC/USD,Bank Of America_EQUITY_US
BBY/USD,Best Buy_EQUITY_US
NDA/EUR,Aurubis_EQUITY_DE
NBL/USD,Noble Energy_EQUITY_US
JBL/USD,Jabil_EQUITY_US
BBL/USD,BHP Group PLC BBL_EQUITY_US
ZBH/USD,Zimmer_EQUITY_US
BBD/USD,Banco Bradesco_EQUITY_US
BEI/EUR,Beiersdorf_EQUITY_DE
FCX/USD,Freeport_EQUITY_US
RECM/EUR,Recordati_EQUITY_IT
VCR/USD,Vanguard Consumer Discretionary ETF_EQUITY_US
GBP/TRY,GBP/TRY_CURRENCY_
RCL/USD,Royal Caribbean Cruises_EQUITY_US
NEXP/EUR,Nexans_EQUITY_FR
JCI/USD,Johnson Controls_EQUITY_US
BCH/USD,Bitcoin Cash / USD_CRYPTOCURRENCY_
REP/EUR,Repsol_EQUITY_ES
FDX/USD,FedEx_EQUITY_US
BDX/USD,Becton_EQUITY_US
SEK/TRY,SEK/TRY_CURRENCY_
FDS/USD,FactSet Research_EQUITY_US
GBP/HUF,GBP/HUF_CURRENCY_
FDN/USD,First Trust Dow Jones Internet Index Fund_EQUITY_US
BCH/EUR,Bitcoin Cash / EUR_CRYPTOCURRENCY_
NET/USD,Cloudflare_EQUITY_US
NEM/USD,Newmont Goldcorp_EQUITY_US
ZEN/USD,Zendesk_EQUITY_US
REN/USD,REN/USD_CRYPTOCURRENCY_
BEN/USD,Franklin Resources_EQUITY_US
NEE/USD,NextEra_EQUITY_US
REG/USD,Regency Centers_EQUITY_US
VEA/USD,Vanguard FTSE Developed Markets Index Fund ETF Shares_EQUITY_US
J/USD,Jacobs Engineering Group_EQUITY_US
BFB/USD,Brown-Forman_EQUITY_US
VFC/USD,VF Corp_EQUITY_US
ZAL/EUR,Zalando_EQUITY_DE
VGT/USD,Vanguard Information Technology ETF_EQUITY_US
AUD/ZAR,AUD/ZAR_CURRENCY_
LUNCA/CAD,Lundin Mining_EQUITY_CA
VGK/USD,Vanguard FTSE Europe ETF_EQUITY_US
BASD/EUR,Basf_EQUITY_DE
EUR/ZAR,EUR/ZAR_CURRENCY_
RGA/USD,Reinsurance of America_EQUITY_US
RNO/EUR,Renault_EQUITY_FR
VHT/USD,Vanguard Health Care ETF_EQUITY_US
VNA/EUR,Voa_EQUITY_DE
BHP/USD,BHP Group_EQUITY_US
FHN/USD,First Horizon_EQUITY_US
RHI/USD,Robert Half_EQUITY_US
BNR/EUR,Brenntag_EQUITY_DE
BNP/EUR,BNP Paribas_EQUITY_FR
BHG/USD,Bright Health Group Inc._EQUITY_US
OCEAN/USDT,OCEAN/USDT_CRYPTOCURRENCY_
EUR/NOK,EUR/NOK_CURRENCY_
EUR/RON,EUR/RON_CURRENCY_
CHF/TRY,CHF/TRY_CURRENCY_
ZIP/USD,ZIPRECRUITER_EQUITY_US
FIS/USD,Fidelity National_EQUITY_US
VIR/USD,Vir Biotechnology_EQUITY_US
ENJ/BTC,ENJ/BTC_CRYPTOCURRENCY_
NIO/USD,NIO Limited_EQUITY_US
RIO/USD,Rio Tinto - USD_EQUITY_US
AUD/NOK,AUD/NOK_CURRENCY_
BIG/USD,Big Lots_EQUITY_US
RIG/USD,Transocean_EQUITY_US
VLA/EUR,Valneva SE_EQUITY_FR
BJK/USD,VanEck Vectors Gaming ETF_EQUITY_US
RJF/USD,Raymond James Financial_EQUITY_US
JKS/USD,JinkoSolar_EQUITY_US
FME/EUR,Fresenius Medical Care_EQUITY_DE
NKE/USD,Nike_EQUITY_US
RMS/EUR,Hermes_EQUITY_FR
BMW/EUR,BMW_EQUITY_DE
FLT/USD,FleetCor_EQUITY_US
MKR/BTC,MKR/BTC_CRYPTOCURRENCY_
FLS/USD,Flowserve_EQUITY_US
FLR/USD,Fluor_EQUITY_US
JLL/USD,Jones Lang LaSalle_EQUITY_US
BLL/USD,Ball_EQUITY_US
VLO/USD,Valero_EQUITY_US
BLK/USD,BlackRock_EQUITY_US
BMY/USD,Bristol-Myers Squibb_EQUITY_US
VMW/USD,VMware_EQUITY_US
RMD/USD,ResMed_EQUITY_US
FMC/USD,FMC_EQUITY_US
VMC/USD,Vulcan Materials_EQUITY_US
RHM/EUR,Rheinmetall_EQUITY_DE
VNT/USD,Vontier Corporation_EQUITY_US
BNT/USD,BNT/USD_CRYPTOCURRENCY_
FNV/USD,Franco Nevada - USD_EQUITY_US
VNQ/USD,Vanguard Real Estate ETF_EQUITY_US
Bank of Nova Scotia/USD,ScotiaBank_EQUITY_US
NNN/USD,National Retail Prop_EQUITY_US
VNO/USD,Vornado_EQUITY_US
JNJ/USD,Johnson & Johnson_EQUITY_US
FNF/USD,Fidelity Financial_EQUITY_US
RNG/USD,"RingCentral, Inc._EQUITY_US"
BNB/USD,BNB/USD_CRYPTOCURRENCY_
Fox Corporation/USD,FOX - Class B_EQUITY_US
BIM/EUR,Biomerieux_EQUITY_FR
NOW/USD,ServiceNow_EQUITY_US
ROP/USD,Roper Industries_EQUITY_US
VIE/EUR,Veolia_EQUITY_FR
USD/RON,USD/RON_CURRENCY_
VOO/USD,Vanguard S&P 500 ETF_EQUITY_US
USD/NOK,USD/NOK_CURRENCY_
ROK/USD,Rockwell_EQUITY_US
VIS/EUR,Viscofan_EQUITY_ES
VIVP/EUR,Vivendi_EQUITY_FR
NOC/USD,Northrop_EQUITY_US
IDRV/USD,iShares Self-Driving EV & Tech ETF_EQUITY_US
NTRS/USD,Northern Trust_EQUITY_US
TCOM/USD,Trip.com_EQUITY_US
CPRT/USD,Copart_EQUITY_US
CHRW/USD,C.H. Robinson_EQUITY_US
RDSB - USD/USD,Royal Dutch Shell B - USD_EQUITY_US
RDSAUS/USD,Royal Dutch Shell ADR - USD_EQUITY_US
GPRO/USD,GoPro_EQUITY_US
APRN/USD,"Blue Apron Holdings, Inc. Class_EQUITY_US"
UPST/USD,Upstart Holdings Inc._EQUITY_US
JDST/USD,Direxion Daily Junior Gold Miners Index Bear 2X Shares_EQUITY_US
NLSN/USD,Nielsen_EQUITY_US
XLRE/USD,The Real Estate Select Sector SPDR Fund_EQUITY_US
UPRO/USD,ProShares UltraPro S&P500_EQUITY_US
VXRT/USD,Vaxart_EQUITY_US
ETSY/USD,Etsy_EQUITY_US
ADSK/USD,Autodesk_EQUITY_US
TLRY/USD,Tilray_EQUITY_US
ALSN/USD,Allison Transmission_EQUITY_US
CTSH/USD,Cognizant_EQUITY_US
NXPI/USD,NXP_EQUITY_US
APPS/USD,Digital Turbine Inc._EQUITY_US
OLPX/USD,"Olaplex Holdings, Inc._EQUITY_US"
EXPD/USD,Expeditors_EQUITY_US
ADPT/USD,Adaptive Biotechnologies Corporation_EQUITY_US
EXPE/USD,Expedia_EQUITY_US
APPH/USD,AppHarvest Inc._EQUITY_US
CLVS/USD,Clovis_EQUITY_US
SPWR/USD,SunPower Corporation_EQUITY_US
TTWO/USD,Take-Two_EQUITY_US
UPWK/USD,Upwork Inc._EQUITY_US
BSPBRU/RUB,BSP_EQUITY_RU
GLPG/EUR,Galapagos NV_EQUITY_NL
ATVI/USD,Activision_EQUITY_US
STVN/USD,Stevanato Group S.p.A._EQUITY_US
ROSNRU/RUB,NK Rosneft_EQUITY_RU
LSRGRU/RUB,LSR GROUP_EQUITY_RU
MTTR/USD,Matterport Inc._EQUITY_US
MSRSRU/RUB,MOESK_EQUITY_RU
RDSA/EUR,Shell plc_EQUITY_NL
CHTR/USD,Charter Communications_EQUITY_US
RDUS/USD,Radius Heal_EQUITY_US
APTV/USD,Aptiv_EQUITY_US
AKRNRU/RUB,Akron_EQUITY_RU
PHUN/USD,Phunware Inc._EQUITY_US
WLSNC/EUR,Wolters Kluwer_EQUITY_NL
AXTA/USD,Axalta Coating_EQUITY_US
PLUG/USD,Plug Power Inc._EQUITY_US
DLTR/USD,Dollar Tree_EQUITY_US
ITUB/USD,Itau Unibanco_EQUITY_US
CRDA/GBP,Croda International plc_EQUITY_GB
ULTA/USD,Ulta Beauty_EQUITY_US
ATUS/USD,"Altice USA, Inc._EQUITY_US"
PLTR/USD,Palantir Technologies Inc._EQUITY_US
BLUE/USD,Bluebird_EQUITY_US
WLTW/USD,Willis_EQUITY_US
PLTK/USD,Playtika Holding Corp._EQUITY_US
GOILZ21/USD,GasOil Futures Dec21_COMMODITY_US
IDXX/USD,IDEXX Labs_EQUITY_US
GOILX21/USD,GasOil Futures GOILX21_COMMODITY_US
US100/USD,NASDAQ 100_INDEX_US
CTXS/USD,Citrix_EQUITY_US
FPXI/USD,First Trust International Equity Opportunities ETF_EQUITY_US
FTXR/USD,First Trust Nasdaq Transportation ETF_EQUITY_US
VXX21/USD,CBOE Volatility Index Futures Nov 2021_INDEX_US
US500/USD,S&P 500_INDEX_US
SPXU/USD,ProShares UltraPro Short S&P500_EQUITY_US
ETH/USDT,ETH/USDT_CRYPTOCURRENCY_
NDX1/EUR,Nordex_EQUITY_DE
MRO.L/GBP,Melrose Industries PLC_EQUITY_GB
HTBX/USD,Heat Biologics_EQUITY_US
BTBT/USD,Bit Digital Inc._EQUITY_US
SLCA/USD,US Silica_EQUITY_US
SPCE/USD,Virgin Galactic_EQUITY_US
ADBE/USD,Adobe_EQUITY_US
SBRY/GBP,Sainsbury_EQUITY_GB
MTCH/USD,Match Group_EQUITY_US
MLCO/USD,Melco Crown_EQUITY_US
FPE3/EUR,Fuchs Petrolub_EQUITY_DE
MOEXRU/RUB,Moscow Exchange_EQUITY_RU
DXCM/USD,DexCom_EQUITY_US
ENJ/USDT,ENJ/USDT_CRYPTOCURRENCY_
FTCH/USD,Farfetch_EQUITY_US
EDEN/EUR,Edenred_EQUITY_FR
UTDI/EUR,United Internet_EQUITY_DE
ZLAB/USD,Zai Lab Limited_EQUITY_US
UMA/USDT,UMA/USDT_CRYPTOCURRENCY_
Dave & Buster's Entertainment/USD,Dave & Buster's_EQUITY_US
WDAY/USD,Workday_EQUITY_US
KLAC/USD,KLA-Tencor_EQUITY_US
NTAP/USD,NetApp_EQUITY_US
NDAQ/USD,Nasdaq_EQUITY_US
CTAS/USD,Cintas_EQUITY_US
EPAM/USD,EPAM_EQUITY_US
EXAS/USD,EXACT Sciences_EQUITY_US
ODFL/USD,Old Dominion Freight_EQUITY_US
SDGR/USD,"Schrödinger, Inc._EQUITY_US"
MKR/USDT,MKR/USDT_CRYPTOCURRENCY_
PHAR/EUR,Pharming Group_EQUITY_NL
SPGI/USD,McGraw_EQUITY_US
IPGP/USD,IPG Photonics_EQUITY_US
APAM.AS/EUR,Aperam S.A._EQUITY_NL
DE40/EUR,DAX 40_INDEX_DE
BKR/USD,Baker Hughes_EQUITY_US
CHGG/USD,Chegg Inc._EQUITY_US
ALGN/USD,Align_EQUITY_US
RDFN/USD,Redfin Corporation_EQUITY_US
XPEV/USD,XPENG INC._EQUITY_US
BLDP/USD,Ballard Power Systems Inc._EQUITY_US
FNVCA/CAD,Franco Nevada - CAD_EQUITY_CA
PTEN/USD,Patterson UTI_EQUITY_US
QDEL/USD,Quidel Corporation_EQUITY_US
GDDY/USD,Godaddy_EQUITY_US
OLED/USD,Ursal Display_EQUITY_US
NTES/USD,Netease_EQUITY_US
EXEL/USD,Exelixis_EQUITY_US
ATER/USD,Aterian Inc._EQUITY_US
VLDR/USD,"Velodyne Lidar, Inc._EQUITY_US"
CHKP/USD,Check Point_EQUITY_US
POLYRU/RUB,Polymetal International_EQUITY_RU
HTHT/USD,China Lodging_EQUITY_US
MSNGRU/RUB,MOSENERGO_EQUITY_RU
MGNTRU/RUB,MAGNIT_EQUITY_RU
SHIB/USD,SHIB/USD_CRYPTOCURRENCY_
ATHM/USD,Autohome_EQUITY_US
LKOHRU/RUB,LUKOIL_EQUITY_RU
OTIS/USD,Otis Worldwide Corporation_EQUITY_US
SP35/EUR,IBEX 35_INDEX_ES
FLOW.AS/EUR,Flow Traders_EQUITY_NL
PTNL/EUR,PostNL_EQUITY_NL
NTNX/USD,Nutanix_EQUITY_US
ALNY/USD,Alnylam_EQUITY_US
SHOP/USD,Shopify_EQUITY_US
CDNS/USD,Cadence_EQUITY_US
SPOT/USD,Spotify_EQUITY_US
ADNT/USD,Adient_EQUITY_US
TDOC/USD,"Teladoc Health, Inc._EQUITY_US"
FTNT/USD,Fortinet_EQUITY_US
PTON/USD,Peloton Interactive_EQUITY_US
CPNG/USD,"Coupang, Inc._EQUITY_US"
XLNX/USD,Xilinx_EQUITY_US
LDOS/USD,Leidos_EQUITY_US
CLOV/USD,Clover Health Investments_EQUITY_US
DDOG/USD,Datadog_EQUITY_US
MPLX/USD,MPLX_EQUITY_US
MDLZ/USD,Mondelez_EQUITY_US
OTLY/USD,Oatly Group AB American Depositary Shares_EQUITY_US
ALLY/USD,Ally Financial_EQUITY_US
STMP/USD,Stampscom_EQUITY_US
GTLB/USD,GitLab Inc._EQUITY_US
CTLT/USD,Catalent_EQUITY_US
FHLC/USD,Fidelity MSCI Health Care Index ETF_EQUITY_US
UDMY/USD,"Udemy, Inc._EQUITY_US"
ALLE/USD,Allegion_EQUITY_US
ILMN/USD,Illumina_EQUITY_US
SHLS/USD,Shoals Technologies Group_EQUITY_US
PPLT/USD,Aberdeen Standard Physical Platinum Shares ETF_EQUITY_US
UPLD/USD,Upland Software Inc._EQUITY_US
DSKYRU/RUB,Detskiy Mir_EQUITY_RU
STLD/USD,Steel Dynamics_EQUITY_US
SPLK/USD,Splunk_EQUITY_US
